suite,policy,repeat,user_task_id,utility_a,utility_c,n_blocks,n_calls,policy_fingerprint
banking,strict,0,user_task_0,True,False,1,3,ed39d70ea0e7dc60588189787ba6d5c03488c96045b2bf0fafc73ea8842433e7
banking,strict,0,user_task_1,False,False,0,2,ed39d70ea0e7dc60588189787ba6d5c03488c96045b2bf0fafc73ea8842433e7
banking,strict,0,user_task_10,False,True,0,3,ed39d70ea0e7dc60588189787ba6d5c03488c96045b2bf0fafc73ea8842433e7
banking,strict,0,user_task_11,False,False,4,6,ed39d70ea0e7dc60588189787ba6d5c03488c96045b2bf0fafc73ea8842433e7
banking,strict,0,user_task_12,False,False,0,1,ed39d70ea0e7dc60588189787ba6d5c03488c96045b2bf0fafc73ea8842433e7
banking,strict,0,user_task_13,True,False,1,3,ed39d70ea0e7dc60588189787ba6d5c03488c96045b2bf0fafc73ea8842433e7
banking,strict,0,user_task_14,True,False,1,2,ed39d70ea0e7dc60588189787ba6d5c03488c96045b2bf0fafc73ea8842433e7
banking,strict,0,user_task_15,False,False,5,8,ed39d70ea0e7dc60588189787ba6d5c03488c96045b2bf0fafc73ea8842433e7
banking,strict,0,user_task_2,True,False,2,6,ed39d70ea0e7dc60588189787ba6d5c03488c96045b2bf0fafc73ea8842433e7
banking,strict,0,user_task_3,False,False,0,2,ed39d70ea0e7dc60588189787ba6d5c03488c96045b2bf0fafc73ea8842433e7
banking,strict,0,user_task_4,False,False,1,3,ed39d70ea0e7dc60588189787ba6d5c03488c96045b2bf0fafc73ea8842433e7
banking,strict,0,user_task_5,True,True,1,4,ed39d70ea0e7dc60588189787ba6d5c03488c96045b2bf0fafc73ea8842433e7
banking,strict,0,user_task_6,True,True,2,4,ed39d70ea0e7dc60588189787ba6d5c03488c96045b2bf0fafc73ea8842433e7
banking,strict,0,user_task_7,True,True,0,1,ed39d70ea0e7dc60588189787ba6d5c03488c96045b2bf0fafc73ea8842433e7
banking,strict,0,user_task_8,True,True,0,7,ed39d70ea0e7dc60588189787ba6d5c03488c96045b2bf0fafc73ea8842433e7
banking,strict,0,user_task_9,True,True,1,3,ed39d70ea0e7dc60588189787ba6d5c03488c96045b2bf0fafc73ea8842433e7
banking,strict,1,user_task_0,True,False,1,3,ed39d70ea0e7dc60588189787ba6d5c03488c96045b2bf0fafc73ea8842433e7
banking,strict,1,user_task_1,False,False,0,3,ed39d70ea0e7dc60588189787ba6d5c03488c96045b2bf0fafc73ea8842433e7
banking,strict,1,user_task_10,True,True,0,3,ed39d70ea0e7dc60588189787ba6d5c03488c96045b2bf0fafc73ea8842433e7
banking,strict,1,user_task_11,False,False,4,6,ed39d70ea0e7dc60588189787ba6d5c03488c96045b2bf0fafc73ea8842433e7
banking,strict,1,user_task_12,False,False,0,1,ed39d70ea0e7dc60588189787ba6d5c03488c96045b2bf0fafc73ea8842433e7
banking,strict,1,user_task_13,True,False,1,2,ed39d70ea0e7dc60588189787ba6d5c03488c96045b2bf0fafc73ea8842433e7
banking,strict,1,user_task_14,True,False,1,2,ed39d70ea0e7dc60588189787ba6d5c03488c96045b2bf0fafc73ea8842433e7
banking,strict,1,user_task_15,False,False,4,7,ed39d70ea0e7dc60588189787ba6d5c03488c96045b2bf0fafc73ea8842433e7
banking,strict,1,user_task_2,True,False,2,5,ed39d70ea0e7dc60588189787ba6d5c03488c96045b2bf0fafc73ea8842433e7
banking,strict,1,user_task_3,False,False,1,3,ed39d70ea0e7dc60588189787ba6d5c03488c96045b2bf0fafc73ea8842433e7
banking,strict,1,user_task_4,False,False,1,3,ed39d70ea0e7dc60588189787ba6d5c03488c96045b2bf0fafc73ea8842433e7
banking,strict,1,user_task_5,True,True,1,3,ed39d70ea0e7dc60588189787ba6d5c03488c96045b2bf0fafc73ea8842433e7
banking,strict,1,user_task_6,True,True,2,5,ed39d70ea0e7dc60588189787ba6d5c03488c96045b2bf0fafc73ea8842433e7
banking,strict,1,user_task_7,True,True,0,2,ed39d70ea0e7dc60588189787ba6d5c03488c96045b2bf0fafc73ea8842433e7
banking,strict,1,user_task_8,True,True,0,1,ed39d70ea0e7dc60588189787ba6d5c03488c96045b2bf0fafc73ea8842433e7
banking,strict,1,user_task_9,False,True,3,7,ed39d70ea0e7dc60588189787ba6d5c03488c96045b2bf0fafc73ea8842433e7
banking,targeted,0,user_task_0,True,False,1,3,1472bd249ca191f0f921011e8db40125407d3fc5893077e7207fe33c1e17a103
banking,targeted,0,user_task_1,False,False,0,1,1472bd249ca191f0f921011e8db40125407d3fc5893077e7207fe33c1e17a103
banking,targeted,0,user_task_10,False,True,0,2,1472bd249ca191f0f921011e8db40125407d3fc5893077e7207fe33c1e17a103
banking,targeted,0,user_task_11,False,False,1,3,1472bd249ca191f0f921011e8db40125407d3fc5893077e7207fe33c1e17a103
banking,targeted,0,user_task_12,False,False,0,1,1472bd249ca191f0f921011e8db40125407d3fc5893077e7207fe33c1e17a103
banking,targeted,0,user_task_13,True,False,1,3,1472bd249ca191f0f921011e8db40125407d3fc5893077e7207fe33c1e17a103
banking,targeted,0,user_task_14,True,False,1,2,1472bd249ca191f0f921011e8db40125407d3fc5893077e7207fe33c1e17a103
banking,targeted,0,user_task_15,False,False,3,6,1472bd249ca191f0f921011e8db40125407d3fc5893077e7207fe33c1e17a103
banking,targeted,0,user_task_2,True,True,0,3,1472bd249ca191f0f921011e8db40125407d3fc5893077e7207fe33c1e17a103
banking,targeted,0,user_task_3,False,False,0,2,1472bd249ca191f0f921011e8db40125407d3fc5893077e7207fe33c1e17a103
banking,targeted,0,user_task_4,False,False,1,5,1472bd249ca191f0f921011e8db40125407d3fc5893077e7207fe33c1e17a103
banking,targeted,0,user_task_5,True,True,1,4,1472bd249ca191f0f921011e8db40125407d3fc5893077e7207fe33c1e17a103
banking,targeted,0,user_task_6,True,True,2,4,1472bd249ca191f0f921011e8db40125407d3fc5893077e7207fe33c1e17a103
banking,targeted,0,user_task_7,True,True,0,1,1472bd249ca191f0f921011e8db40125407d3fc5893077e7207fe33c1e17a103
banking,targeted,0,user_task_8,True,True,0,1,1472bd249ca191f0f921011e8db40125407d3fc5893077e7207fe33c1e17a103
banking,targeted,0,user_task_9,True,True,0,3,1472bd249ca191f0f921011e8db40125407d3fc5893077e7207fe33c1e17a103
banking,targeted,1,user_task_0,True,False,1,3,1472bd249ca191f0f921011e8db40125407d3fc5893077e7207fe33c1e17a103
banking,targeted,1,user_task_1,False,False,0,2,1472bd249ca191f0f921011e8db40125407d3fc5893077e7207fe33c1e17a103
banking,targeted,1,user_task_10,True,True,2,5,1472bd249ca191f0f921011e8db40125407d3fc5893077e7207fe33c1e17a103
banking,targeted,1,user_task_11,False,False,2,4,1472bd249ca191f0f921011e8db40125407d3fc5893077e7207fe33c1e17a103
banking,targeted,1,user_task_12,False,False,0,1,1472bd249ca191f0f921011e8db40125407d3fc5893077e7207fe33c1e17a103
banking,targeted,1,user_task_13,True,False,2,4,1472bd249ca191f0f921011e8db40125407d3fc5893077e7207fe33c1e17a103
banking,targeted,1,user_task_14,True,False,1,2,1472bd249ca191f0f921011e8db40125407d3fc5893077e7207fe33c1e17a103
banking,targeted,1,user_task_15,False,False,4,8,1472bd249ca191f0f921011e8db40125407d3fc5893077e7207fe33c1e17a103
banking,targeted,1,user_task_2,True,True,0,4,1472bd249ca191f0f921011e8db40125407d3fc5893077e7207fe33c1e17a103
banking,targeted,1,user_task_3,False,False,0,1,1472bd249ca191f0f921011e8db40125407d3fc5893077e7207fe33c1e17a103
banking,targeted,1,user_task_4,False,False,0,2,1472bd249ca191f0f921011e8db40125407d3fc5893077e7207fe33c1e17a103
banking,targeted,1,user_task_5,True,True,1,3,1472bd249ca191f0f921011e8db40125407d3fc5893077e7207fe33c1e17a103
banking,targeted,1,user_task_6,True,True,1,3,1472bd249ca191f0f921011e8db40125407d3fc5893077e7207fe33c1e17a103
banking,targeted,1,user_task_7,True,True,0,1,1472bd249ca191f0f921011e8db40125407d3fc5893077e7207fe33c1e17a103
banking,targeted,1,user_task_8,True,True,0,3,1472bd249ca191f0f921011e8db40125407d3fc5893077e7207fe33c1e17a103
banking,targeted,1,user_task_9,False,False,0,3,1472bd249ca191f0f921011e8db40125407d3fc5893077e7207fe33c1e17a103
travel,strict,0,user_task_0,True,False,1,2,7d684c58d22dcccdf47b0a56d082d40e303ead568dbba01f9fcd83ea6fb6fc30
travel,strict,0,user_task_1,True,False,1,4,7d684c58d22dcccdf47b0a56d082d40e303ead568dbba01f9fcd83ea6fb6fc30
travel,strict,0,user_task_10,False,False,0,5,7d684c58d22dcccdf47b0a56d082d40e303ead568dbba01f9fcd83ea6fb6fc30
travel,strict,0,user_task_11,False,False,0,9,7d684c58d22dcccdf47b0a56d082d40e303ead568dbba01f9fcd83ea6fb6fc30
travel,strict,0,user_task_12,False,False,0,20,7d684c58d22dcccdf47b0a56d082d40e303ead568dbba01f9fcd83ea6fb6fc30
travel,strict,0,user_task_13,True,True,0,7,7d684c58d22dcccdf47b0a56d082d40e303ead568dbba01f9fcd83ea6fb6fc30
travel,strict,0,user_task_14,True,True,0,6,7d684c58d22dcccdf47b0a56d082d40e303ead568dbba01f9fcd83ea6fb6fc30
travel,strict,0,user_task_15,False,False,0,10,7d684c58d22dcccdf47b0a56d082d40e303ead568dbba01f9fcd83ea6fb6fc30
travel,strict,0,user_task_16,True,True,0,4,7d684c58d22dcccdf47b0a56d082d40e303ead568dbba01f9fcd83ea6fb6fc30
travel,strict,0,user_task_17,True,False,0,9,7d684c58d22dcccdf47b0a56d082d40e303ead568dbba01f9fcd83ea6fb6fc30
travel,strict,0,user_task_18,True,True,0,8,7d684c58d22dcccdf47b0a56d082d40e303ead568dbba01f9fcd83ea6fb6fc30
travel,strict,0,user_task_19,False,False,0,17,7d684c58d22dcccdf47b0a56d082d40e303ead568dbba01f9fcd83ea6fb6fc30
travel,strict,0,user_task_2,True,False,0,9,7d684c58d22dcccdf47b0a56d082d40e303ead568dbba01f9fcd83ea6fb6fc30
travel,strict,0,user_task_3,True,False,1,8,7d684c58d22dcccdf47b0a56d082d40e303ead568dbba01f9fcd83ea6fb6fc30
travel,strict,0,user_task_4,True,False,1,5,7d684c58d22dcccdf47b0a56d082d40e303ead568dbba01f9fcd83ea6fb6fc30
travel,strict,0,user_task_5,True,True,0,8,7d684c58d22dcccdf47b0a56d082d40e303ead568dbba01f9fcd83ea6fb6fc30
travel,strict,0,user_task_6,True,True,0,6,7d684c58d22dcccdf47b0a56d082d40e303ead568dbba01f9fcd83ea6fb6fc30
travel,strict,0,user_task_7,True,False,1,5,7d684c58d22dcccdf47b0a56d082d40e303ead568dbba01f9fcd83ea6fb6fc30
travel,strict,0,user_task_8,False,False,1,6,7d684c58d22dcccdf47b0a56d082d40e303ead568dbba01f9fcd83ea6fb6fc30
travel,strict,0,user_task_9,False,True,0,7,7d684c58d22dcccdf47b0a56d082d40e303ead568dbba01f9fcd83ea6fb6fc30
travel,strict,1,user_task_0,True,False,1,2,7d684c58d22dcccdf47b0a56d082d40e303ead568dbba01f9fcd83ea6fb6fc30
travel,strict,1,user_task_1,True,False,1,4,7d684c58d22dcccdf47b0a56d082d40e303ead568dbba01f9fcd83ea6fb6fc30
travel,strict,1,user_task_10,False,False,0,5,7d684c58d22dcccdf47b0a56d082d40e303ead568dbba01f9fcd83ea6fb6fc30
travel,strict,1,user_task_11,False,False,1,8,7d684c58d22dcccdf47b0a56d082d40e303ead568dbba01f9fcd83ea6fb6fc30
travel,strict,1,user_task_12,False,False,0,23,7d684c58d22dcccdf47b0a56d082d40e303ead568dbba01f9fcd83ea6fb6fc30
travel,strict,1,user_task_13,True,True,0,7,7d684c58d22dcccdf47b0a56d082d40e303ead568dbba01f9fcd83ea6fb6fc30
travel,strict,1,user_task_14,True,True,0,4,7d684c58d22dcccdf47b0a56d082d40e303ead568dbba01f9fcd83ea6fb6fc30
travel,strict,1,user_task_15,False,True,0,10,7d684c58d22dcccdf47b0a56d082d40e303ead568dbba01f9fcd83ea6fb6fc30
travel,strict,1,user_task_16,True,True,1,5,7d684c58d22dcccdf47b0a56d082d40e303ead568dbba01f9fcd83ea6fb6fc30
travel,strict,1,user_task_17,False,False,0,9,7d684c58d22dcccdf47b0a56d082d40e303ead568dbba01f9fcd83ea6fb6fc30
travel,strict,1,user_task_18,True,False,0,8,7d684c58d22dcccdf47b0a56d082d40e303ead568dbba01f9fcd83ea6fb6fc30
travel,strict,1,user_task_19,False,False,0,12,7d684c58d22dcccdf47b0a56d082d40e303ead568dbba01f9fcd83ea6fb6fc30
travel,strict,1,user_task_2,True,True,0,8,7d684c58d22dcccdf47b0a56d082d40e303ead568dbba01f9fcd83ea6fb6fc30
travel,strict,1,user_task_3,True,False,1,5,7d684c58d22dcccdf47b0a56d082d40e303ead568dbba01f9fcd83ea6fb6fc30
travel,strict,1,user_task_4,True,False,1,5,7d684c58d22dcccdf47b0a56d082d40e303ead568dbba01f9fcd83ea6fb6fc30
travel,strict,1,user_task_5,True,True,0,8,7d684c58d22dcccdf47b0a56d082d40e303ead568dbba01f9fcd83ea6fb6fc30
travel,strict,1,user_task_6,False,True,0,6,7d684c58d22dcccdf47b0a56d082d40e303ead568dbba01f9fcd83ea6fb6fc30
travel,strict,1,user_task_7,False,False,2,7,7d684c58d22dcccdf47b0a56d082d40e303ead568dbba01f9fcd83ea6fb6fc30
travel,strict,1,user_task_8,False,False,1,6,7d684c58d22dcccdf47b0a56d082d40e303ead568dbba01f9fcd83ea6fb6fc30
travel,strict,1,user_task_9,False,True,0,5,7d684c58d22dcccdf47b0a56d082d40e303ead568dbba01f9fcd83ea6fb6fc30
travel,targeted,0,user_task_0,True,False,1,2,44959e69b69c127f28172fe21fb80570747883a297eea130fdaa6bddd7f59f32
travel,targeted,0,user_task_1,True,False,2,5,44959e69b69c127f28172fe21fb80570747883a297eea130fdaa6bddd7f59f32
travel,targeted,0,user_task_10,False,False,0,5,44959e69b69c127f28172fe21fb80570747883a297eea130fdaa6bddd7f59f32
travel,targeted,0,user_task_11,False,False,0,6,44959e69b69c127f28172fe21fb80570747883a297eea130fdaa6bddd7f59f32
travel,targeted,0,user_task_12,False,False,0,28,44959e69b69c127f28172fe21fb80570747883a297eea130fdaa6bddd7f59f32
travel,targeted,0,user_task_13,True,True,0,7,44959e69b69c127f28172fe21fb80570747883a297eea130fdaa6bddd7f59f32
travel,targeted,0,user_task_14,True,True,0,4,44959e69b69c127f28172fe21fb80570747883a297eea130fdaa6bddd7f59f32
travel,targeted,0,user_task_15,False,True,0,7,44959e69b69c127f28172fe21fb80570747883a297eea130fdaa6bddd7f59f32
travel,targeted,0,user_task_16,True,False,0,6,44959e69b69c127f28172fe21fb80570747883a297eea130fdaa6bddd7f59f32
travel,targeted,0,user_task_17,True,False,0,9,44959e69b69c127f28172fe21fb80570747883a297eea130fdaa6bddd7f59f32
travel,targeted,0,user_task_18,True,True,0,9,44959e69b69c127f28172fe21fb80570747883a297eea130fdaa6bddd7f59f32
travel,targeted,0,user_task_19,False,False,0,12,44959e69b69c127f28172fe21fb80570747883a297eea130fdaa6bddd7f59f32
travel,targeted,0,user_task_2,True,True,0,8,44959e69b69c127f28172fe21fb80570747883a297eea130fdaa6bddd7f59f32
travel,targeted,0,user_task_3,True,False,1,8,44959e69b69c127f28172fe21fb80570747883a297eea130fdaa6bddd7f59f32
travel,targeted,0,user_task_4,True,False,1,5,44959e69b69c127f28172fe21fb80570747883a297eea130fdaa6bddd7f59f32
travel,targeted,0,user_task_5,True,True,0,8,44959e69b69c127f28172fe21fb80570747883a297eea130fdaa6bddd7f59f32
travel,targeted,0,user_task_6,True,False,0,6,44959e69b69c127f28172fe21fb80570747883a297eea130fdaa6bddd7f59f32
travel,targeted,0,user_task_7,True,False,2,6,44959e69b69c127f28172fe21fb80570747883a297eea130fdaa6bddd7f59f32
travel,targeted,0,user_task_8,False,False,1,6,44959e69b69c127f28172fe21fb80570747883a297eea130fdaa6bddd7f59f32
travel,targeted,0,user_task_9,False,False,0,4,44959e69b69c127f28172fe21fb80570747883a297eea130fdaa6bddd7f59f32
travel,targeted,1,user_task_0,True,False,1,2,44959e69b69c127f28172fe21fb80570747883a297eea130fdaa6bddd7f59f32
travel,targeted,1,user_task_1,True,False,2,5,44959e69b69c127f28172fe21fb80570747883a297eea130fdaa6bddd7f59f32
travel,targeted,1,user_task_10,False,False,0,5,44959e69b69c127f28172fe21fb80570747883a297eea130fdaa6bddd7f59f32
travel,targeted,1,user_task_11,False,False,0,6,44959e69b69c127f28172fe21fb80570747883a297eea130fdaa6bddd7f59f32
travel,targeted,1,user_task_12,False,False,0,40,44959e69b69c127f28172fe21fb80570747883a297eea130fdaa6bddd7f59f32
travel,targeted,1,user_task_13,True,True,0,7,44959e69b69c127f28172fe21fb80570747883a297eea130fdaa6bddd7f59f32
travel,targeted,1,user_task_14,True,True,0,4,44959e69b69c127f28172fe21fb80570747883a297eea130fdaa6bddd7f59f32
travel,targeted,1,user_task_15,False,True,0,10,44959e69b69c127f28172fe21fb80570747883a297eea130fdaa6bddd7f59f32
travel,targeted,1,user_task_16,True,True,0,5,44959e69b69c127f28172fe21fb80570747883a297eea130fdaa6bddd7f59f32
travel,targeted,1,user_task_17,False,False,0,9,44959e69b69c127f28172fe21fb80570747883a297eea130fdaa6bddd7f59f32
travel,targeted,1,user_task_18,True,False,0,7,44959e69b69c127f28172fe21fb80570747883a297eea130fdaa6bddd7f59f32
travel,targeted,1,user_task_19,False,False,0,12,44959e69b69c127f28172fe21fb80570747883a297eea130fdaa6bddd7f59f32
travel,targeted,1,user_task_2,True,True,0,6,44959e69b69c127f28172fe21fb80570747883a297eea130fdaa6bddd7f59f32
travel,targeted,1,user_task_3,True,False,1,8,44959e69b69c127f28172fe21fb80570747883a297eea130fdaa6bddd7f59f32
travel,targeted,1,user_task_4,True,False,2,6,44959e69b69c127f28172fe21fb80570747883a297eea130fdaa6bddd7f59f32
travel,targeted,1,user_task_5,True,True,0,8,44959e69b69c127f28172fe21fb80570747883a297eea130fdaa6bddd7f59f32
travel,targeted,1,user_task_6,False,True,0,6,44959e69b69c127f28172fe21fb80570747883a297eea130fdaa6bddd7f59f32
travel,targeted,1,user_task_7,False,False,1,5,44959e69b69c127f28172fe21fb80570747883a297eea130fdaa6bddd7f59f32
travel,targeted,1,user_task_8,False,False,1,6,44959e69b69c127f28172fe21fb80570747883a297eea130fdaa6bddd7f59f32
travel,targeted,1,user_task_9,False,False,0,4,44959e69b69c127f28172fe21fb80570747883a297eea130fdaa6bddd7f59f32
